<wpml-config>
<admin-texts>
<key name="theme_mods_eightlaw-lite">
    <key name="eightlaw_lite_slider_button_text" />
    <key name="eightlaw_lite_aboutus_viewmore_text" />
    <key name="eightlaw_lite_callto_title" />
    <key name="eightlaw_lite_callto_desc" />
    <key name="eightlaw_lite_callto_readmore" />
    <key name="eightlaw_lite_callto_link" />
    <key name="eightlaw_lite_law_title" />
    <key name="eightlaw_lite_law_desc" />
    <key name="eightlaw_lite_law_button_text" />
    <key name="eightlaw_lite_law_button_link" />
    <key name="eightlaw_lite_practice_title" />
    <key name="eightlaw_lite_practice_desc" />
    <key name="eightlaw_lite_practice_button_text" />
    <key name="eightlaw_lite_practice_button_link" />
    <key name="eightlaw_lite_case_title" />
    <key name="eightlaw_lite_case_desc" />
    <key name="eightlaw_lite_case_single_readmore" />
    <key name="eightlaw_lite_gallery_title" />
    <key name="eightlaw_lite_benefit_title" />
    <key name="eightlaw_lite_benefit_single_readmore" />
    <key name="eightlaw_lite_clientlogo_title" />
    <key name="eightlaw_lite_testimonial_title" />
    <key name="eightlaw_lite_teammember_title" />
    <key name="eightlaw_lite_teammember_desc" />
    <key name="eightlaw_lite_teammember_single_readmore" />
    <key name="eightlaw_lite_blog_title" />
    <key name="eightlaw_lite_contact_form_title" />
    <key name="eightlaw_lite_latestpost_title" />
    <key name="eightlaw_lite_latestpost_readmore" />
    <key name="eightlaw_lite_latestnews_title" />
    <key name="eightlaw_lite_latestnews_readmore" />
    <key name="eightlaw_lite_archive_setting_archive_readmore" />
</key>
</admin-texts>
</wpml-config>